col1,name,RA_1,Dec_1,Source_Name,RA_2,E_RA,E_RA_tot,DEC_2,E_DEC,E_DEC_tot,Peak_flux,E_Peak_flux,E_Peak_flux_tot,Total_flux,E_Total_flux,E_Total_flux_tot,Maj,E_Maj,Min,E_Min,DC_Maj,E_DC_Maj,DC_Min,E_DC_Min,PA,E_PA,DC_PA,E_DC_PA,Isl_rms,S_Code,Mosaic_ID,Isl_id,Separation
1596,150855.76+543551.1,227.23235099999997,54.597533999999996,ILTJ150855.75+543551.0,227.2323033486061,0.5132562178986009,0.5453896506746302,54.597516566050984,0.42927896585645015,0.4672240965299226,0.7237185342585023,0.11739727111724549,0.1863675399283551,0.8305506821663119,0.1964079573020154,0.25723270227058487,7.364938864671081,1.3566820441155891,5.61334240902198,0.8018427287909152,4.26993375917386,1.3566820441155891,0.0,0.8018427287909152,123.82740053426228,27.231358719540008,123.8274005342635,27.231358719540008,0.11540600098669529,S,P227+53,2666,0.11753828893996024
1597,150458.47+541945.0,226.243631,54.32916899999999,ILTJ150458.36+541944.9,226.24316496269154,0.5853754855570348,0.5999676596099962,54.32915026477959,0.3036558732297636,0.33091331619276404,0.6422681794765238,0.09087525603415883,0.1573488123056461,0.7254852067586554,0.15632661029819897,0.21328656895442558,8.136318496823097,1.4469008688127232,5.00076324127571,0.5629682900648454,0.0,1.4469008688127232,0.0,0.5629682900648454,111.74392729837682,17.220518986058437,0.0,17.220518986058437,0.09235307516064495,S,P223+55,129,0.9806557374106676
1598,150636.17+542354.4,226.650744,54.398453,ILTJ150636.20+542354.5,226.65082769006884,0.48840588422183256,0.5220711001328548,54.39848836177054,0.41831176040075696,0.45716808149847854,1.1019197058602064,0.17246820152816023,0.2798470333322829,1.4119637813912913,0.2762515647302535,0.39504505542323304,7.101889188583866,1.156112210234195,6.499230594706405,0.9780342873420262,3.7995023301454505,1.156112210234195,2.489483023588022,0.9780342873420262,99.99926888789426,73.75465530339595,99.99926888789558,73.75465530339595,0.16421843611169606,S,P227+53,3362,0.21672079793463872
1830,110039.04+510902.3,165.162686,51.150642,ILTJ110039.05+510902.2,165.16268757770916,0.13625625362888436,0.15698410709202787,51.150615922503,0.14447575703316687,0.1641690823413747,1.3380935092402653,0.06929581355313773,0.2764447130165964,1.5108641673037726,0.11538279256904056,0.3234526396595506,6.502079910713736,0.34292775906018463,6.252904826438806,0.3179600441274234,2.5025602706930576,0.34292775906018463,1.7600252641662617,0.3179600441274234,20.380242383623454,55.90311987780252,20.380242383617535,55.90311987780252,0.06742874393239617,S,P4Hetdex16,2296,0.09394656951893904
1832,110853.98+522337.9,167.224924,52.393875,ILTJ110853.96+522337.6,167.22485381948488,0.4868352793770798,0.5166703319039081,52.39379560337812,0.29909336221217586,0.34553796020541516,0.5496279250081348,0.07715077195729635,0.13429771350085104,0.6234112882473148,0.12942181449216292,0.1797099647738291,7.260925703731872,1.148784361917362,5.624070578501541,0.7004017345975688,0.0,1.148784361917362,0.0,0.7004017345975688,84.53697012624943,24.364421372761303,0.0,24.364421372761303,0.07589811139041558,S,P8Hetdex,4605,0.3247573984859476
1839,113728.28+514324.6,174.367852,51.723504999999996,ILTJ113728.30+514324.3,174.36792246911835,0.6310269100040987,0.6366179898120076,51.72343567996087,0.5841696333635004,0.5902047647613554,0.4918006100070698,0.06579535107698242,0.11833740669575454,1.5222722615999216,0.08446609166598502,0.31595416468023996,11.42477559242311,1.5885178555142145,9.75553286217304,1.2557953481531914,9.721692687164948,1.5885178555142145,7.692152182876174,1.2557953481531914,56.160596947225294,39.96405501431781,56.16059694722448,39.96405501431781,0.06249886064324528,S,P12Hetdex11,1238,0.29491052885589336
1840,113608.50+514754.0,174.035434,51.798338,ILTJ113608.54+514753.8,174.03558825589982,0.22757382267853407,0.24264655071004282,51.79829433310888,0.187229903597835,0.20528648422196502,1.1574699011352014,0.09314958289854688,0.24953217763553173,1.1719042788962926,0.1609380663479859,0.2843157518598755,6.346760492896036,0.5367056964933875,5.743737399025458,0.4398989227990876,0.0,0.5367056964933875,0.0,0.4398989227990876,96.60380945484373,35.47543970444086,0.0,35.47543970444086,0.09303739352617413,S,P12Hetdex11,1684,0.37769694529312425
1842,113513.72+513327.2,173.807178,51.557556,ILTJ113513.77+513326.7,173.80738982294034,0.49362449531750646,0.5007520805552618,51.557428750516245,0.4378556653618442,0.445875641286249,0.36474150173400566,0.06408247625525204,0.09709798291670146,0.3809699076064381,0.1097547741586164,0.1336100043809415,6.584237890295469,1.2403183475989827,5.711668146394463,0.9359303202032182,0.0,1.2403183475989827,0.0,0.9359303202032182,123.0798528815528,54.60216743257222,0.0,54.60216743257222,0.06365216540871188,S,P12Hetdex11,1990,0.6592659825332952
1847,120406.34+522219.2,181.026457,52.372006,ILTJ120406.36+522219.2,181.02649300526033,0.3398842998107403,0.376020040278297,52.37202146475072,0.2832636049187453,0.3257422344502136,0.79049935905867,0.09206810608097418,0.18295383468029372,0.8138675392852421,0.15894120816525362,0.22750279671493953,6.726866138849601,0.8644271801516179,5.509929734468427,0.5816286710588338,0.0,0.8644271801516179,0.0,0.5816286710588338,120.6941445582173,25.977595033175795,0.0,25.977595033175795,0.09209842392010614,S,P21,3356,0.09675785856667615
1849,121034.97+531658.8,182.64571899999999,53.283003,ILTJ121034.97+531658.9,182.64569201443672,0.01887570333030881,0.1261529703081096,53.28303880428417,0.02186051208820996,0.12663396752097647,18.69996951524891,0.10560419468674809,3.741484550387049,25.895414745639634,0.34840639449728394,5.1907886885977375,7.97900957112799,0.05348203383312784,6.97211041103354,0.042015661620945936,5.259210073603867,0.05348203383312784,3.5483867841647507,0.042015661620945936,64.06155090306629,2.062982103581437,64.06155090306474,2.062982103581437,0.10560419468674809,M,P182+55,3120,0.14137699251735386
1853,122428.99+513755.9,186.120828,51.632217,ILTJ122429.05+513755.8,186.12105843582802,0.5404739682004228,0.5474846069324046,51.63217913409096,0.15730322194403742,0.17992106091170376,0.5174848790260339,0.05836546010427869,0.11881982550907785,0.5314142080515847,0.10646004181411599,0.15043198770150928,8.300878112625298,1.2730110895013358,4.453971435715089,0.3694500893786792,0.0,1.2730110895013358,0.0,0.3694500893786792,89.58025610267202,10.09366473183151,0.0,10.09366473183151,0.062285638705361634,S,P25Hetdex09,2597,0.5326579510444753
1860,124202.89+532804.3,190.512058,53.46786899999999,ILTJ124202.96+532804.3,190.51235025867317,0.38552503637947383,0.39360933103378504,53.46787911873407,0.31251866974193643,0.32243863096524067,0.5477599837256766,0.0679400665247165,0.12890885396367868,0.6165862554081447,0.11400961538143801,0.16794444561745095,7.116349782114409,0.9804083779651948,5.696288736814151,0.6360827546810585,3.8265064813859686,0.9804083779651948,0.0,0.6360827546810585,61.06927085195174,25.949844206148267,61.06927085195036,25.949844206148267,0.0667480708216317,S,P29Hetdex19,2195,0.6273642093713483
1861,125805.31+512207.0,194.522129,51.368639,ILTJ125805.30+512207.3,194.52209695298623,0.1812719193656205,0.25596880146443884,51.36870594571301,0.23504066625602105,0.2964871554835379,0.8723866972315524,0.0647800504946739,0.18611500993298621,1.0366373525078427,0.1063786592636981,0.23302596244049884,7.0108197695875045,0.5546995145224932,6.102438044859014,0.425283847656283,3.6257734886751543,0.5546995145224932,1.1119856183328993,0.425283847656283,174.72636700507095,23.893174754865854,174.72636700507144,23.893174754865854,0.06261617818381637,S,P33Hetdex08,2283,0.25153711125479594
1863,124842.93+531449.5,192.178906,53.247102000000005,ILTJ124842.89+531449.2,192.17871192885346,0.030113123258889412,0.18321386073398035,53.2470174596538,0.04115757187858496,0.1853495732274185,5.430682508579131,0.06542924529640004,1.088105457434871,7.111872781949915,0.1459746244360299,1.4298454355785597,7.05410703625032,0.0976547097927688,5.928981539042219,0.06989388559730275,0.0,0.0976547097927688,0.0,0.06989388559730275,78.61825875589376,3.255258628880781,0.0,3.255258628880781,0.06542924529640004,M,P33Hetdex08,5221,0.5171009567948012
1867,130422.56+512416.3,196.09403600000002,51.404529,ILTJ130422.54+512416.7,196.09392453156377,0.35915006481938627,0.3806596462359485,51.4046566614569,0.7729847192448059,0.7832102995994623,0.35646004738857906,0.061846350451429694,0.09437966772314776,0.49710943827779486,0.09835713199637798,0.13985291258871768,8.796150076674358,1.828908692535759,5.709241415252591,0.8265810265069748,0.0,1.828908692535759,0.0,0.8265810265069748,172.37220838844476,18.766591701769286,0.0,18.766591701769286,0.06009950448060408,S,P37Hetdex15,7302,0.5233351206221397
2206,105245.64+463831.2,163.19020600000002,46.642011,ILTJ105245.70+463830.7,163.19042681299786,0.3629320414546242,0.375566983969381,46.6418775203845,0.24460770934525586,0.26299015990064983,0.6697055958678021,0.06844913492813592,0.15041777646899343,0.8445071303003794,0.11094818401062632,0.20208213988470897,7.662644749851579,0.8775179064734648,5.925363779259354,0.5405125652456021,4.765361478719951,0.8775179064734648,0.0,0.5405125652456021,106.08194995585681,17.74426446574812,106.08194995585751,17.74426446574812,0.06604710506508127,S,P3Hetdex16,5113,0.7271596992272591
2208,110429.51+481637.7,166.12299299999998,48.277147,ILTJ110429.52+481638.0,166.12300631423687,0.435098397948514,0.4777438454340821,48.277241431942365,0.2592784967187558,0.3258126836289811,0.4516706450346144,0.05582540847237416,0.10619195400098264,0.5125730205038226,0.09372861795846564,0.13890391599354027,7.313965021617646,1.0259866508956936,5.587618562607625,0.608496408285252,0.0,1.0259866508956936,0.0,0.608496408285252,93.27600721965582,21.126713347495482,0.0,21.126713347495482,0.054989031923469156,S,P6,2649,0.34144835519582545
2212,111623.56+482256.7,169.09819,48.382425,ILTJ111623.53+482256.8,169.0980230812352,0.14352190021000444,0.178968822172196,48.382450256436364,0.15583364455124996,0.1889852593297635,1.0602479799439106,0.06016873648192,0.22042075221910584,1.1160126335625151,0.10262395017969246,0.24566449291936682,6.471390215982495,0.385580695497392,5.856485917730378,0.31655289234783307,2.424136880447123,0.385580695497392,0.0,0.31655289234783307,33.127955682241065,24.760859702447913,33.12795568223752,24.760859702447913,0.05954314838163555,S,P7Hetdex11,1894,0.4093221666518959
2219,113744.83+481903.8,174.43683000000001,48.317723,ILTJ113744.88+481904.0,174.43697972051987,0.46208980462955385,0.4854420576785708,48.31779646412467,0.31245354882411214,0.34605523257625714,0.49203173108477244,0.06716326981125663,0.11914157035858966,0.5796479152663778,0.11103065573783233,0.1605225054018263,7.274324161861876,1.0994260353974346,5.832006675260461,0.718988764883357,0.0,1.0994260353974346,0.0,0.718988764883357,79.04130623680649,27.75649619748233,0.0,27.75649619748233,0.06538481829920784,S,P14Hetdex04,2675,0.4454403762676768
2220,113653.01+482812.8,174.220914,48.470234000000005,ILTJ113653.09+482813.2,174.22118852047475,0.2014577274405369,0.25042407984483284,48.4703522539502,0.20863660261093875,0.2562347278759465,1.0841284283189478,0.07273727600659184,0.2287008729419973,1.5179502122052706,0.1135381271498818,0.3241262411253736,7.5686803420190545,0.5356160220500347,6.661516237771604,0.42373300672611103,4.612852398082529,0.5356160220500347,2.891957450842236,0.42373300672611103,40.31047969764191,22.51763147510291,40.310479697639614,22.51763147510291,0.06849928468000144,S,P14Hetdex04,2983,0.7813857793718479
2221,113824.19+501221.5,174.600827,50.205999,ILTJ113824.15+501221.4,174.60061655372957,0.6504275292979363,0.6672203344392641,50.20595968854533,0.5353178958300439,0.5556008040099756,0.5343543476273878,0.10152685627569755,0.14740788750388426,0.7069234503830651,0.16236928892726352,0.2152984360714334,7.959010353371501,1.7099913795990005,5.98412303434887,1.0054693708606002,5.229234971219923,1.7099913795990005,0.0,1.0054693708606002,56.59433052730918,31.259268361042867,56.59433052730818,31.259268361042867,0.09750507160788402,S,P14Hetdex04,2417,0.5051209021980294
2226,115729.71+495940.3,179.373821,49.994545,ILTJ115729.76+495940.4,179.3739862882354,0.1554838954537916,0.18766161031626533,49.994556378169364,0.12532753254866258,0.16355007996251272,1.0583407202096922,0.056382570068170594,0.2190488470858748,1.1186797857400541,0.09606663120058456,0.2434883491076435,6.519171321440389,0.3664687741339956,5.837138849581245,0.29470952146008084,0.0,0.3664687741339956,0.0,0.29470952146008084,94.4622005622461,20.97818654345534,0.0,20.97818654345534,0.0557658240722958,S,P18Hetdex03,2761,0.38471302818030634
2227,115757.24+505442.4,179.488501,50.911799,ILTJ115757.28+505442.5,179.488653786267,0.13055258188712837,0.16758763342921096,50.911827276596235,0.0805431007373467,0.13239648529094195,1.3151417040336177,0.05442103951759105,0.2685992509477886,1.2431067938861935,0.09704591374085983,0.2668904071225469,6.573184257310256,0.3075674032022002,5.177985624150256,0.1894893953446584,0.0,0.3075674032022002,0.0,0.1894893953446584,92.12975679708912,8.251001291112553,0.0,8.251001291112553,0.05581728328252211,S,P18Hetdex03,2569,0.36143417498988223
2230,121420.28+484743.5,183.584513,48.795432,ILTJ121420.27+484743.6,183.58447903326,0.16883666283896298,0.20922168737235003,48.79545967259388,0.14231482826487815,0.1884712341244612,1.2822969201122711,0.07385707620118447,0.266882527262772,1.4043454951273449,0.12448143380548257,0.30721829071467643,6.707383720670202,0.41150810786907427,5.878949180644162,0.31789338125685707,2.99813311392139,0.41150810786907427,0.0,0.31789338125685707,114.23991384394839,19.2053809716039,114.23991384395048,19.2053809716039,0.07254508818732575,S,P22Hetdex04,2638,0.1281133917143268
2232,122712.50+491031.3,186.80212,49.175368,ILTJ122712.50+491031.4,186.80207549449008,0.10873384155866633,0.15004271057054294,49.17539324361961,0.10784025201497775,0.14939640775435156,1.1586999227394503,0.0507466012408727,0.23723119098414627,1.0838436777999738,0.08994889775792256,0.23469019775896938,5.970060061958851,0.26921469008800486,5.640938774024766,0.23994035548962317,0.0,0.26921469008800486,0.0,0.23994035548962317,132.47176752732724,31.72172401408599,0.0,31.72172401408599,0.0516751897521317,S,P26Hetdex03,4628,0.13867134034516804
2233,122224.80+510726.1,185.603368,51.123944,ILTJ122224.77+510726.4,185.60321195646011,0.07522907412870933,0.11526794055538932,51.12402637480461,0.07918460334609312,0.11788759872308888,2.490884470400889,0.0656370498403442,0.5024822784010562,3.1993387327020772,0.1051682699604768,0.6484528495343276,7.258106589262475,0.20250338124974107,6.371684480983999,0.15857556037242565,4.0835584426721985,0.20250338124974107,2.142819058214029,0.15857556037242565,141.39839373026962,9.039346588041594,141.398393730272,9.039346588041594,0.06257787754293531,S,P25Hetdex09,3386,0.46071004444328006
2234,122223.54+503115.4,185.5981,50.520967,ILTJ122223.56+503115.6,185.59817050886903,0.04338818924627155,0.11212627551702965,50.5210199524634,0.04870211979879467,0.11428763348738442,4.702908102032538,0.08420546159632501,0.9443433403212954,4.773254347883985,0.14521000177196183,0.9656315174010986,6.2235317866215665,0.11470132491849268,5.872758349099285,0.10215465193651846,0.0,0.11470132491849268,0.0,0.10215465193651846,177.9956821848089,11.44728442323592,0.0,11.44728442323592,0.08395010809181258,S,P26Hetdex03,6436,0.24976898011446716
2388,111342.91+541232.3,168.428832,54.208998,ILTJ111342.93+541232.4,168.4288836293974,0.052233508546017486,0.1112319475968759,54.209016925352884,0.046884514507109995,0.10882262839931164,3.685160872913383,0.0675082536047608,0.7401174168163008,4.140802490591,0.11260939384453689,0.8357814823417777,6.5445004919616165,0.12315749892222035,6.18131773793493,0.11022942853445704,2.6132746429203397,0.12315749892222035,1.4850904518034258,0.11022942853445704,82.96868727163248,12.82897595416135,82.96868727163103,12.82897595416135,0.06577647582162172,S,P169+55,5484,0.12828697417833268
2389,112420.61+551055.2,171.08588400000002,55.182005000000004,ILTJ112420.60+551055.3,171.08582311278482,0.014365047283918199,0.0992499941291508,55.182051265518226,0.0126902129041484,0.09902145350740857,15.586815999675963,0.07869351421971983,3.118356296110249,17.14232127874958,0.13220631849980055,3.431012338014263,6.514268505735279,0.033983768219889215,6.079232341827341,0.029703383409231905,2.534678562721116,0.033983768219889215,0.9755192335602985,0.029703383409231905,80.13820155974325,4.688268577798549,80.13820155974113,4.688268577798549,0.07704325253143907,S,P169+55,1510,0.2083368343910069
2392,115259.84+544320.5,178.249345,54.722378000000006,ILTJ115259.82+544320.6,178.24923859423268,0.2843185618426991,0.30863478120163024,54.72240974946274,0.23486628237380555,0.2637812619485501,0.6734511928715711,0.06746033606236373,0.1506398264366125,0.6696807835829179,0.11754709296410794,0.17820273045136506,6.471144121123511,0.7012413126211214,5.532020796259207,0.5122501921493957,0.0,0.7012413126211214,0.0,0.5122501921493957,115.94665426193025,28.006481535994308,0.0,28.006481535994308,0.0678673095535487,S,P178+55,3004,0.24901367727923115
2395,115104.46+554048.3,177.768597,55.680102000000005,ILTJ115104.49+554048.7,177.76868763856837,0.30715187793194476,0.3297888107201301,55.6802029875822,0.2319131847478021,0.2611553346553458,0.7235463024167962,0.0781319964866064,0.16445479301201224,0.6786647891409279,0.13879707593603446,0.1941341395251781,6.243810963571495,0.726212544968555,5.4087940072682095,0.5422650689499883,0.0,0.726212544968555,0.0,0.5422650689499883,97.3738673752388,32.264335723408365,0.0,32.264335723408365,0.0797616012278013,S,P178+55,3697,0.40745291623720653
2401,122438.41+552514.5,186.160049,55.42070699999999,ILTJ122438.42+552514.5,186.16009255771468,0.18546734318007652,0.20501151731640688,55.420711310154914,0.17361735684088475,0.1943568199022464,0.8684595828745485,0.06527108550672707,0.18555106166953578,0.7624670309737275,0.11819961160333317,0.19293881702771595,5.71363983410538,0.43685586522013825,5.532278484204254,0.40871555864420606,0.0,0.43685586522013825,0.0,0.40871555864420606,85.55067580580884,95.05367683547306,0.0,95.05367683547306,0.06765750731574371,S,P187+55,5291,0.09033819808873575
2403,123409.83+544926.6,188.54099399999998,54.824070999999996,ILTJ123409.87+544926.9,188.541129490777,0.13086896922128316,0.1573476213710912,54.82414113210805,0.17729151883665065,0.19764581831525194,1.1561822123095502,0.06513822743299823,0.24023588615265878,1.3005884387441797,0.10895050707382588,0.28201316364922524,6.886358468560333,0.4179001923358151,5.881315287382203,0.3076173473273989,0.0,0.4179001923358151,0.0,0.3076173473273989,4.75039853612094,16.8608117165847,0.0,16.8608117165847,0.06370966002577916,S,P187+55,1680,0.37776069105291554
2406,123457.60+551758.8,188.740004,55.29969200000001,ILTJ123457.50+551759.2,188.73959086294488,0.5781686323796268,0.5847311812395737,55.299788033371286,0.5383375109433126,0.5453795582296245,0.4218590764613137,0.07301470697335907,0.11157845065296969,0.590685060302663,0.11476630071788248,0.1647047582769176,8.212382146764755,1.6044672868217373,6.139022996084419,0.9412899903710289,5.60633780428968,1.6044672868217373,1.298837775478255,0.9412899903710289,132.18132109691973,29.544503994527016,132.1813210969207,29.544503994527016,0.0696178394719027,S,P187+55,1457,0.9145536857309979
2409,125428.20+543230.2,193.617518,54.541743000000004,ILTJ125428.20+543230.0,193.61748056569743,0.23381629765477455,0.2627092505731688,54.541683387947195,0.1469644318606387,0.18959069998248906,0.7670529852205391,0.054316556389824466,0.16274243326028587,0.8089697583655088,0.0932382124047106,0.18673683902868207,6.9347925074730155,0.550733304418773,5.476147154692613,0.3457649556655717,0.0,0.550733304418773,0.0,0.3457649556655717,90.35725682272185,15.276077911442606,0.0,15.276077911442606,0.05418827277026139,S,P191+55,870,0.22839956600538136
2411,124308.22+542128.4,190.784271,54.357896,ILTJ124308.24+542128.1,190.78433773171804,0.11048405324852212,0.16295034614861095,54.35782762785943,0.10512215853257582,0.1593636015603245,1.3431134950267933,0.05897858097618092,0.2750211399781614,1.245987192914434,0.10478642828922898,0.2703323120714306,5.851172937321342,0.2602505609238896,5.708055954023055,0.24745868139870175,0.0,0.2602505609238896,0.0,0.24745868139870175,94.06197138981688,72.09097404880112,0.0,72.09097404880112,0.06016620682203211,S,P191+55,5183,0.28316391601554447
2414,125425.52+554918.8,193.60636,55.821915000000004,ILTJ125425.54+554919.3,193.60642198853566,0.025510839427163402,0.12246179900690815,55.822043536413915,0.026769528568750194,0.1227301794487525,7.246883187860702,0.06823261316381034,1.4509818493141415,8.587601952109807,0.11188020287950971,1.7211605013221651,6.644080802998317,0.06354387437195641,6.423085759600874,0.059536929197897055,2.8531964851402365,0.06354387437195641,2.2876464821273723,0.059536929197897055,22.822184109717412,13.088208410580377,22.822184109710616,13.088208410580377,0.0657656928524375,S,P191+55,952,0.479412080982002
2415,130350.93+534839.5,195.962214,53.810978000000006,ILTJ130350.92+534839.4,195.96217745374173,0.09680687155877965,0.13716852699079182,53.810957375518164,0.09997256021028103,0.13942075602586507,2.057129078550149,0.07962680732691177,0.4190604136371516,2.046024212236814,0.1381751223005705,0.4319038868835851,6.041037485359862,0.23600852553094484,5.928049236111354,0.22734801051846093,0.0,0.23600852553094484,0.0,0.22734801051846093,15.674115404741343,84.3458091026432,0.0,84.3458091026432,0.07974032632773742,S,P196+55,4344,0.1074594310464377
2416,130349.63+550301.1,195.95683,55.050315000000005,ILTJ130349.69+550301.1,195.95703197064822,0.12697732570239334,0.1598964529261272,55.05033193311794,0.10952010055085062,0.1464181916310059,1.4023263492686382,0.06149446140479547,0.28712773529840363,1.5602698631986684,0.10294941667975586,0.32859741970219686,6.586991927816068,0.29999381497230365,6.080913924729857,0.2567541676967067,2.718171546935299,0.29999381497230365,0.9884563656497537,0.2567541676967067,98.91918642362131,23.07352577315002,98.91918642362273,23.07352577315002,0.060075071814935654,S,P196+55,4350,0.420958052492373
2418,131501.14+533314.1,198.754781,53.553927,ILTJ131501.15+533315.1,198.7548091594608,0.6934221760599506,0.7048030302605297,53.55419762828032,0.5372296999612544,0.5518412341726263,0.4050767343791753,0.05704256393938069,0.09908249356061953,0.6535971443001661,0.08876060844804787,0.1580063754839056,10.772383424241196,1.9823853551411625,5.394019680671784,0.5812456545439668,8.945854325314016,1.9823853551411625,0.0,0.5812456545439668,126.95202151235522,12.251248551063052,126.95202151235554,12.251248551063052,0.057401393860345706,S,P37Hetdex15,2858,0.9761213265777844
2419,131346.72+533148.4,198.444705,53.530124,ILTJ131346.70+533148.7,198.44456590237678,0.31590435935086103,0.3401596117554023,53.53020739158345,0.2567929233471771,0.28610418153864386,0.656415783693642,0.06411587464995419,0.14610308903446964,0.8587880054544053,0.10210456212060823,0.19981495223915394,7.262487927719419,0.7451034367412233,6.487236164275112,0.6032560590076919,4.091710780671549,0.7451034367412233,2.4623906072508928,0.6032560590076919,95.66360517769483,37.55631390623711,95.66360517769533,37.55631390623711,0.06090811439207755,S,P37Hetdex15,3435,0.42275198714184387
2420,131320.64+534437.2,198.33603100000002,53.743689,ILTJ131320.59+534438.0,198.3357831380854,0.9741291527559754,0.982263001167092,53.743895739490945,1.0663522999225437,1.0737877931708883,0.22544657741662535,0.06532763856303084,0.07937724315555947,0.3976631332213837,0.09580109179814297,0.12451219976634473,8.971021497310733,2.8314100554009882,7.081232132933745,1.8838858278500634,6.667681470088384,2.8314100554009882,3.7597637213452217,1.8838858278500634,141.97927175509517,57.472317916462075,141.97927175509614,57.472317916462075,0.06075136479921639,S,P37Hetdex15,8700,0.9123590442660118
2421,131043.14+531238.9,197.679756,53.210806999999996,ILTJ131043.12+531239.0,197.67965166597793,0.027718630134118703,0.12915618324037045,53.210850089788494,0.028152167198152032,0.12924991965436877,6.586750427323898,0.06291011866628168,1.3188513679352454,8.619590864816008,0.10007584972004306,1.72682050102782,7.082269888298139,0.06950855335595635,6.6531391333385645,0.061838566563589735,3.7620946113236995,0.06950855335595635,2.873325438252813,0.061838566563589735,138.52677425808943,6.138408650433455,138.52677425809443,6.138408650433455,0.05966273965896107,S,P37Hetdex15,4824,0.273240333159131
2422,130724.07+550213.5,196.850331,55.037085999999995,ILTJ130724.07+550213.3,196.85029805555925,0.12742518578447787,0.16025233972717598,55.037049288869014,0.10329093422096162,0.14181908019749861,1.4194112638786236,0.06439882603488395,0.29109507422093506,1.3904054467911213,0.11257701677164936,0.30000446157325883,6.295428490403743,0.30295805560354194,5.601786697451934,0.23961211051751544,0.0,0.30295805560354194,0.0,0.23961211051751544,103.68220896869039,17.301590079030152,0.0,17.301590079030152,0.06490268424386159,S,P196+55,2745,0.1486112157619594
2424,131040.24+542449.5,197.667669,54.413753,ILTJ131040.22+542449.3,197.66758774777063,0.3360032467338966,0.34977395019004104,54.41370285790787,0.2898841047911361,0.30573915128158496,0.54736569911184,0.06347541083716944,0.12654444327395487,0.6005116742917509,0.10687730009473818,0.1607710425231111,6.675175437248863,0.8199172870452202,5.917714150914147,0.6478918330466491,2.924566611278775,0.8199172870452202,0.0,0.6478918330466491,116.62300093555037,42.74745592056634,116.62300093555277,42.74745592056634,0.062290542700793594,S,P196+55,1382,0.24811046323013827
2425,131610.40+552547.2,199.043361,55.429784999999995,ILTJ131610.46+552547.1,199.04358004556548,0.2863712011741665,0.303425950775619,55.429774293001145,0.2872475619009198,0.3042531915365494,0.6683894563844194,0.0701468408068389,0.1509647571170649,0.7547402889880865,0.11693481641361145,0.1909425762960106,6.701428029934258,0.7368926231174885,6.066982492215279,0.6077051863355178,2.982967077574116,0.7368926231174885,0.8987613815319051,0.6077051863355178,43.28579265221923,43.811470446817594,43.285792652215555,43.811470446817594,0.06836241664132103,S,P200+55,6027,0.4491009012598862
2426,132400.73+542848.3,201.00304599999998,54.480111,ILTJ132400.69+542848.1,201.0028552275359,0.4542790661481873,0.46521856442173776,54.48003894282149,0.33048464908630354,0.3453678416179634,0.34678267465711105,0.05797170646124334,0.09039384762096452,0.28035971628277,0.10884259815579438,0.12243681633344582,5.914035095059355,1.0943517804959977,4.9214328174973545,0.743251671269288,0.0,1.0943517804959977,0.0,0.743251671269288,73.68178325120975,40.16237204300909,0.0,40.16237204300909,0.062042614445090294,S,P200+55,2973,0.4759206312710209
2427,133354.13+532158.4,203.475581,53.366232,ILTJ133354.14+532158.7,203.47558016383005,0.6341570144879904,0.6483131020755534,53.36632168293398,0.3236142501159782,0.3505437806845708,0.4512843772549864,0.07159863526047373,0.11520706635158795,0.5605464114013056,0.11757122654820214,0.16245456129467076,8.026423275289904,1.4988623623918005,5.572886932380152,0.7511893593524333,0.0,1.4988623623918005,0.0,0.7511893593524333,96.55979207738851,22.0638488562766,0.0,22.0638488562766,0.07012060814304277,S,P41Hetdex,2306,0.32286355873147926
2432,133419.73+523613.7,203.58222800000001,52.603816,ILTJ133419.76+523613.7,203.58233088443146,0.2012088428746094,0.242156473688904,52.60382544446902,0.13561055576974854,0.19116741912440435,0.9381801872464591,0.06323754412208711,0.19800573106924194,0.8621481121730156,0.11355557887592092,0.20646269441907728,6.362137690744263,0.47625910252570297,5.200604560800987,0.3156393082041278,0.0,0.47625910252570297,0.0,0.3156393082041278,98.82395859874437,15.879372349625635,0.0,15.879372349625635,0.0651669324724935,S,P41Hetdex,2104,0.2274976893786344
2434,133923.35+540722.2,204.84731100000002,54.122838,ILTJ133923.36+540722.1,204.8473499365834,0.08510978620136014,0.1411422843810286,54.122809998719696,0.10236161621629601,0.1521688838345941,1.64581570073658,0.062428659297835844,0.33503090951935594,1.5342095068632484,0.11089084300931284,0.3262648180562822,6.0655287211384925,0.24126130258340364,5.5332212940932335,0.2001541734836448,0.0,0.24126130258340364,0.0,0.2001541734836448,175.4279180442935,17.31303544389466,0.0,17.31303544389466,0.06369335460476577,S,P205+55,4168,0.13003765954975782
2438,134624.14+522540.1,206.600592,52.427815,ILTJ134624.12+522540.3,206.60047980609855,0.08788738993503514,0.1461623254353055,52.427862864825016,0.08204141229064948,0.142723597900654,1.8576949258494737,0.060843469815701635,0.3764879085977257,1.921006458500471,0.10425030749641187,0.3980939074604349,6.233526747792132,0.20850742053425864,5.972055194653879,0.1915205064526669,0.0,0.20850742053425864,0.0,0.1915205064526669,108.04932756211214,31.767607668985764,0.0,31.767607668985764,0.060369318816810846,S,P206+52,3143,0.30057643285656094
2439,134714.58+514410.7,206.810765,51.736328,ILTJ134714.65+514410.3,206.81104642142503,1.6733596203945056,1.6774300734259857,51.736210495883896,0.7532700449964227,0.7622696325815269,0.22167870170049092,0.0593662140687578,0.07409456960103207,0.5145647840258888,0.08239239672288995,0.13183164914437834,12.512267249669858,4.061780423862906,6.679052653167155,1.4755883063566575,10.979759935732975,4.061780423862906,2.933614637081281,1.4755883063566575,75.21899215529828,25.32798964034779,75.21899215529814,25.32798964034779,0.05821080048917793,S,P206+52,7816,0.7566894938148216
2448,140932.86+504154.7,212.386942,50.698541,ILTJ140932.86+504154.9,212.38689736873357,0.19195413526736343,0.2922002920327797,50.69859945855156,0.19213411237253364,0.29231855526972944,2.133364853965129,0.15830424456025885,0.45509346056732186,2.200225218368716,0.27140277908229743,0.5170097764601952,6.121467680474406,0.4561583996490838,6.06653755778996,0.4482658265936891,1.2071458824804067,0.4561583996490838,0.8959890133515833,0.4482658265936891,137.64695835593645,1.0639384785497157,137.64695835598204,1.0639384785497157,0.15711798914708197,S,P211+50,1262,0.2337662761078695
2454,144913.21+483715.7,222.30506200000002,48.621051,ILTJ144913.22+483716.2,222.30506424194658,0.6544765408807053,0.8981406410191061,48.62117136717862,0.5182891409409832,0.8043262410890123,0.5535485810563964,0.09525023529698275,0.1460453648278937,0.859731267651486,0.14534408214721128,0.22514532266587406,8.773823286433135,1.7112864355377735,6.374238829153883,0.9676429541322874,6.400598879776492,1.7112864355377735,2.15066650144669,0.9676429541322874,122.38703313275441,26.65032330527606,122.38703313275514,26.65032330527606,0.09007659537019208,S,P221+47,1041,0.43335468641105634
2455,143713.35+492041.7,219.305633,49.344918,ILTJ143713.34+492041.8,219.305578317529,0.7173067284423672,0.7346905509643835,49.34496070834143,0.5114221160843783,0.5355313658674725,0.36520209122500963,0.07360072351641361,0.10369170265524802,0.48775281722144115,0.11705839606613211,0.15237709971604513,7.822063763912786,1.747951400401513,6.147154453236441,1.1172845136965488,5.018295112266818,1.747951400401513,1.335858931552258,1.1172845136965488,70.66025843430751,38.69971935310565,70.6602584343067,38.69971935310565,0.07028788968455046,S,P219+50,3860,0.20021961881900707
2458,144220.04+500505.3,220.58353599999998,50.08481,ILTJ144220.08+500505.3,220.58367395575746,0.10638498737562513,0.19120415410385153,50.084823425292,0.09054816370248966,0.18286670817169087,1.8384777041228282,0.06992917683606542,0.37428612118971166,1.8714465921120145,0.12060911197308934,0.39324172181502326,6.369224086488751,0.2547206385291313,5.754396065068007,0.20817196361616463,0.0,0.2547206385291313,0.0,0.20817196361616463,72.83112258609252,17.134727487288735,0.0,17.134727487288735,0.06975761061767116,S,P219+50,1665,0.3223151796637027
2521,140812.95+561332.5,212.05397000000002,56.225694999999995,ILTJ140812.98+561332.4,212.0540675108389,0.012764382314868879,0.17914274890663376,56.22567917699638,0.014145581565829674,0.179246457448343,33.25044908650618,0.14964780712034553,6.65177337590131,38.2842365486995,0.37394290783141193,7.665973129550388,6.735574853063821,0.035448760967546844,5.911387282304596,0.02750334725891525,3.0558753897478446,0.035448760967546844,0.0,0.02750334725891525,55.49331625457859,1.6450596885865592,55.493316254575966,1.6450596885865592,0.14964780712034553,M,P214+55,4706,0.20329423358270104
2526,141911.11+562542.4,214.796317,56.428472,ILTJ141911.16+562542.9,214.79652072929017,0.06910583594898932,0.19158499834839293,56.42859633164971,0.07654077781119492,0.19439054940476866,4.149004027997441,0.11315492953000873,0.8374803968156516,4.522722737571775,0.19065830271977316,0.9244195080340603,6.492842530067155,0.1832174796850519,6.0461665008822845,0.1593702700303942,2.477961884371139,0.1832174796850519,0.7395338539257553,0.1593702700303942,22.00381123477793,16.706164115683645,22.003811234774297,16.706164115683645,0.11100092524429783,S,P214+55,2132,0.6040074978398311
2527,141454.74+552802.6,213.728092,55.467392000000004,ILTJ141454.72+552801.9,213.72801531875308,0.45560686842658915,0.48939433342390504,55.46721201757721,0.6566358431788659,0.6805143830788335,0.5167146790566108,0.08844126825792771,0.13602066134662696,0.8078580539176066,0.1340473481913918,0.20993826942300428,8.352682001020405,1.5546554721305184,6.738778387422845,1.0606724457399175,5.810685832481186,1.5546554721305184,3.0677328992991293,1.0606724457399175,7.875835052237896,36.258870247032156,7.875835052237553,36.258870247032156,0.08276150038000196,S,P214+55,3060,0.6665661130521326
2529,141307.75+553129.3,213.282301,55.524814,ILTJ141307.68+553129.2,213.28202024187178,0.2769124293283092,0.32955984061540466,55.52477816237784,0.20133871916018192,0.2691959785416708,0.9295244194743965,0.08148138868225464,0.2029774434698526,1.011454069739351,0.13810245233744609,0.2449364422647402,6.925974466718625,0.668960623899097,5.6564284909701055,0.4500055479993525,0.0,0.668960623899097,0.0,0.4500055479993525,71.81681683644426,18.713247253241676,0.0,18.713247253241676,0.08049967436818406,S,P214+55,3507,0.5864891320817432
2534,142730.43+545601.7,216.87679300000002,54.933806000000004,ILTJ142730.37+545601.9,216.8765270912499,0.012743625355273673,0.1569004686294906,54.9338755040386,0.014593908348894005,0.15706157782810573,27.243506745750437,0.10637397645041347,5.449739609843379,38.428766029016764,0.21592134207167982,7.688785623652057,8.0750553450302,0.03584587611651715,7.05696588287579,0.028224701700753793,5.403564293621937,0.03584587611651715,3.7146061789270868,0.028224701700753793,61.13750943957639,1.3724236940139651,61.13750943957483,1.3724236940139651,0.10637397645041347,M,P218+55,5997,0.6042169551483788
2535,142236.34+550623.3,215.65143500000002,55.10649599999999,ILTJ142236.38+550623.5,215.65159516816996,0.5466607220811808,0.5751235868022309,55.10653978869314,0.5069644995498411,0.5375334397353955,0.5498089650820458,0.08198103222722793,0.13715861463439105,1.0058285525397508,0.11888681549346979,0.23367010502489774,8.919192010772028,1.4216358404803722,7.384912582710845,1.0301148273050678,6.598836287300794,1.4216358404803722,4.305224370217364,1.0301148273050678,129.31473349531407,37.25239125795914,129.31473349531524,37.25239125795914,0.07586620631627738,S,P214+55,1297,0.36558207224886125
2536,143020.74+564837.7,217.586421,56.810489000000004,ILTJ143020.71+564838.0,217.58627814713518,0.15338908317293687,0.21905151883881638,56.81057657382566,0.12813726511234014,0.20217446866364785,2.846158664142002,0.14007350601408752,0.5862127197066795,3.555154722170241,0.22616362106191903,0.7461333576744936,7.035100149793591,0.36147428775799617,6.395516273964511,0.3014825943772909,3.6726747962592565,0.36147428775799617,2.2059585610276486,0.3014825943772909,87.03921497205219,21.095112255782535,87.03921497205194,21.095112255782535,0.13395653513725847,S,P218+55,5175,0.4226629744469868
2538,143434.37+543913.2,218.64322,54.653693000000004,ILTJ143434.34+543913.2,218.6430939105183,0.5940111320322349,0.6142512369113923,54.653667248269336,0.27891122293299503,0.3197605781626889,0.4296240247898013,0.0679489545115218,0.10954511639627013,0.42558982114023625,0.12124444156989847,0.14813940207089962,7.292631839909689,1.4098428799301403,4.890212140999733,0.632746443112516,0.0,1.4098428799301403,0.0,0.632746443112516,98.0851705277277,19.104019586007926,0.0,19.104019586007926,0.07016719609964639,S,P218+55,3864,0.27848543507374196
2545,145848.63+525450.5,224.702627,52.91403199999999,ILTJ145848.64+525450.6,224.70266236144096,0.08444324074635995,0.3094451032989525,52.91407214773479,0.09997947608310764,0.31404061311525355,3.9036037328501028,0.12618235361432012,0.7908519902538652,4.855314243990617,0.2039808971535699,0.9922556438335347,7.003010480682566,0.23572306082593236,6.394704647949706,0.19850387611289602,3.6110157270742285,0.23572306082593236,2.2105403569518907,0.19850387611289602,175.80109198347557,16.1433979367882,175.80109198347623,16.1433979367882,0.12073799734935164,S,P223+52,1927,0.16365266588750005
2546,145546.38+521431.0,223.94325899999998,52.241968,ILTJ145546.38+521430.7,223.94325298372956,0.16926412112998723,0.34245576904157804,52.24186991715397,0.20876992408395592,0.36360760752488713,1.4974546866294078,0.10021806222619035,0.3158139983229174,1.8165483383057828,0.16337459186145337,0.39835307439752055,6.998006101604351,0.4932287738277627,6.2406815527051425,0.39659072935775,3.6015525016602754,0.4932287738277627,1.7161768734783085,0.39659072935775,8.19523003968773,25.55729158631896,8.195230039686928,25.55729158631896,0.09639717609388754,S,P223+52,2838,0.35334721766724553
2548,151500.37+503408.8,228.75156,50.569126000000004,ILTJ151500.39+503409.1,228.75160977490023,0.13242598259027924,0.17133076291779567,50.56921166351004,0.12820192293870467,0.16808724669698927,2.092117479282102,0.09204982901115966,0.4284289823362695,2.801059947991535,0.14544862815065598,0.5787856051428727,7.203235153491814,0.32695252079076254,6.692760014590426,0.2854447047336279,3.9838919585333867,0.32695252079076254,2.965240221233841,0.2854447047336279,129.35087991085067,26.606477402003595,129.3508799108547,26.606477402003595,0.087031650764402,S,P227+50,1071,0.32871969361921727
2549,151133.07+513500.0,227.887798,51.58334,ILTJ151133.06+513459.9,227.8877320007544,0.02615158670854271,0.18628427560799007,51.58332633669343,0.025882008843805395,0.18624662207194523,8.679271747393374,0.08730882326656192,1.7380486625017797,8.940708455876296,0.14974309221225895,1.7944006524141718,6.1096457449533546,0.061657765086312294,6.070627546089824,0.0608711542636604,1.1515117888229087,0.061657765086312294,0.9190300064064367,0.0608711542636604,72.41137382328485,63.14651948240864,72.41137382324916,63.14651948240864,0.08667844667797908,S,P227+53,2007,0.1556155135758796
2837,123653.21+493332.3,189.221709,49.558977,ILTJ123653.22+493332.4,189.2217483313035,0.1939951790546463,0.21982696875427923,49.559013878464626,0.17077170598516878,0.1996315162000617,1.1569179562154535,0.08208650279280823,0.24551285147075988,1.1603679725344849,0.14225596354002693,0.2722038067883201,6.306512011700196,0.46948724766427424,5.726643242774709,0.3872611582226537,0.0,0.46948724766427424,0.0,0.3872611582226537,115.48747381481455,32.63852766245313,0.0,32.63852766245313,0.08216843707486987,S,P26Hetdex03,488,0.16143604389156904
2838,123445.07+502616.9,188.687828,50.43803,ILTJ123445.09+502617.0,188.68786371316122,0.45040988477581906,0.4621242592626113,50.43807060739342,0.33925857707366186,0.3546634303297935,0.36425913626906964,0.05456302228552797,0.09101929540020932,0.37016558361863666,0.09456540386630839,0.1200979516071238,6.657140487429401,1.0966051921955666,5.4963772320710795,0.748669052273949,0.0,1.0966051921955666,0.0,0.748669052273949,70.63516435894994,35.64461974308351,0.0,35.64461974308351,0.05472182601806708,S,P26Hetdex03,1232,0.16755854052974864
2842,124854.69+504338.5,192.22791,50.727371000000005,ILTJ124854.80+504338.3,192.22833402576984,0.33077747748506897,0.342639843317668,50.72732540809419,0.26679384549018936,0.2813668043831998,0.4638251247789458,0.055141784094725664,0.10791647792713364,0.44086895887859084,0.09744705702864372,0.13141745119903767,6.244298317034519,0.7937824405526008,5.480833597682731,0.6093711138466245,0.0,0.7937824405526008,0.0,0.6093711138466245,72.97529692209619,39.646591358731506,0.0,39.646591358731506,0.05605164187727496,S,P30Hetdex06,2173,0.9801276635753808
2844,131028.13+482204.9,197.617234,48.368032,ILTJ131028.12+482204.9,197.61716970706806,0.10323642305387327,0.1492380689194257,48.36803505442957,0.10265268800211742,0.1488348632676532,1.692045266287688,0.0645057675238693,0.3445020774545582,1.8976528948733886,0.10762752377255566,0.3944960636689118,6.440542283947224,0.24865337315810124,6.269605377152467,0.2360159899763436,2.3396387785720525,0.24865337315810124,1.8180900306051262,0.2360159899763436,47.88680328384473,58.06195600443436,47.88680328383111,58.06195600443436,0.06284578557824716,S,P35Hetdex10,4191,0.1541579532123145
2845,131624.27+494522.9,199.101148,49.756367,ILTJ131624.23+494523.2,199.1009619311417,0.45637678940309884,0.46652945623260306,49.75644749660469,0.2997911878274827,0.31503129356592646,0.37437309298080346,0.053247769560761174,0.09187781817781948,0.3673314273862625,0.09401584422296236,0.11931585840441114,6.820162617089219,1.1144870117465433,5.179534428545671,0.6412155255976977,0.0,1.1144870117465433,0.0,0.6412155255976977,108.10572013417115,22.914049739160333,0.0,22.914049739160333,0.05426700954558328,S,P38Hetdex07,5703,0.5208142177451254
2846,131906.47+493152.9,199.776983,49.531378000000004,ILTJ131906.55+493153.0,199.7773073751131,0.026238338156210808,0.10029162485475843,49.53140643134411,0.023346018509668557,0.0995740739703951,12.168031062208428,0.07993949975722006,2.4349187914294395,24.743282634569933,0.11294486591211872,4.9499452485966255,9.660510026003774,0.06876644604511943,7.5778515402931665,0.04594643295861326,7.571285791436054,0.06876644604511943,4.628587079949279,0.04594643295861326,125.88525335493739,1.005506447397214,125.88525335493816,1.005506447397214,0.07415232539642602,S,P38Hetdex07,4339,0.7647865789357857
2850,131922.17+490723.2,199.842388,49.123138,ILTJ131922.17+490723.8,199.84236476084845,0.455629734200531,0.4657986843202269,49.123282057862,0.5235178034394622,0.5323916323017176,0.35901036701290256,0.056666478369618675,0.09146927088221497,0.48636055006417195,0.0897191162745169,0.13233058305406667,7.86895863268779,1.374577534338033,6.198188699810735,0.8839980004420417,5.090804789670969,1.374577534338033,1.554697272928407,0.8839980004420417,144.49082552182446,30.2298961489579,144.49082552182563,30.2298961489579,0.05399600195232779,S,P38Hetdex07,4221,0.5214903661577386
2851,132250.60+500334.7,200.710834,50.059645,ILTJ132250.55+500335.4,200.71061352053425,0.0015604937149513588,0.09681112935733335,50.05983359948021,0.002341402779559921,0.09682686504159918,342.8093152496589,0.1811850379453972,68.56210245387443,532.4472580635683,0.8520885371704308,106.49286060413469,8.465981691627123,0.005560091334950668,6.637568005617376,0.003603922852940097,5.972585871341246,0.005560091334950668,2.8382734769264077,0.003603922852940097,80.6830710447704,0.11418413832158321,80.68307104477003,0.11418413832158321,0.1811850379453972,M,P38Hetdex07,2521,0.8489043777066241
2852,134306.49+475405.4,205.77705,47.901503999999996,ILTJ134306.45+475405.3,205.77687958645922,0.4886269587943668,0.4990890498938335,47.901496627503334,0.49895114215248487,0.5092011558495981,0.4811377251665293,0.07264396750534044,0.12056901110174979,0.7905260257614465,0.10818561181836761,0.19157604887031682,7.856063895569872,1.205370337924365,7.529582487913559,1.1187052916492772,5.0712644675997565,1.205370337924365,4.548649501593034,1.1187052916492772,142.61519807979593,147.17905730699334,142.6151980798016,147.17905730699334,0.06718936492688954,S,P1Hetdex15,4745,0.4121427420560221
2853,134251.04+475626.6,205.712704,47.940728,ILTJ134251.05+475626.5,205.7126987306379,1.3990512431920825,1.4027394469182828,47.94071822020551,0.8174754454867015,0.8237716181302793,0.29451817105857836,0.061790713410934346,0.08536820477894462,0.9523562516268644,0.0792410246313452,0.20629696358680688,14.55328272955185,3.5285577734478837,7.999459114228672,1.4522673928326781,13.2587046148679,3.5285577734478837,5.290640109533058,1.4522673928326781,66.28606683752591,20.496813289180885,66.28606683752577,20.496813289180885,0.06175758608151227,S,P1Hetdex15,4850,0.037430455812225406
2854,133406.53+494235.7,203.52722,49.709936,ILTJ133406.56+494235.5,203.52733826193344,0.37471387680847434,0.38973388487932736,49.709875628006365,0.18951909889741542,0.21771426319188333,0.5983524619117263,0.06049202985341489,0.13409068730832652,0.6371873653445312,0.10455504027852942,0.16483951586265083,7.377704947818039,0.8838330866274152,5.196504824197915,0.44334775439858853,0.0,0.8838330866274152,0.0,0.44334775439858853,93.14250440653363,13.072099691894735,0.0,13.072099691894735,0.060972204664722085,S,P42Hetdex07,5196,0.3507590965139802
2861,135033.30+473809.8,207.638767,47.636059,ILTJ135033.37+473809.7,207.63904881905626,0.4239067985095172,0.4359249346916118,47.63602971893497,0.2856228462434331,0.3031731933392157,0.38413013095689197,0.051941974410200535,0.09273730104973017,0.3904189649507573,0.09008175178078277,0.11921325736520828,6.694932656475142,1.0009732438389436,5.465745208763427,0.6684259262339586,0.0,1.0009732438389436,0.0,0.6684259262339586,96.57540508293187,30.565234199820367,0.0,30.565234199820367,0.0521336987731047,S,P1Hetdex15,1697,0.6917201748665249
2862,135742.21+472030.3,209.425895,47.341752,ILTJ135742.15+472029.8,209.42564028457008,0.34065368663283047,0.3542510743186945,47.34162907735448,0.15710867890722627,0.18474854918884873,0.42707783559734636,0.0437762553183856,0.09598010020853825,0.3335666797161718,0.0851331520970144,0.10815878502760759,6.374196765976256,0.80313608565548,4.411272565029111,0.3678437403838866,0.0,0.80313608565548,0.0,0.3678437403838866,92.70742835145589,12.524166395296083,0.0,12.524166395296083,0.04828775490750559,S,P210+47,5335,0.762836912749932
2866,142123.06+464547.9,215.346123,46.763326,ILTJ142123.05+464548.0,215.34606121782426,0.010552208886111986,0.12730655811585978,46.763345543296545,0.014482092594311668,0.12769237108316556,33.49470295891019,0.1380095345666632,6.700362056176993,37.73584408093895,0.3390721817566172,7.5547817363891205,6.9723513839869,0.034372487857958385,5.851281379861818,0.02447403334652552,0.0,0.034372487857958385,0.0,0.02447403334652552,101.34491808997585,1.1462806553937852,0.0,1.1462806553937852,0.1380095345666632,M,P213+47,1060,0.1678179309534794
2952,113151.91+563257.3,172.966331,56.549275,ILTJ113151.92+563256.6,172.96633227274492,0.42690936872572255,0.4360628299986226,56.54906685485381,0.4411281039477911,0.4499924295954165,0.6271145562771131,0.09959254133306503,0.1601548655425863,0.7025785689150857,0.16654108963049372,0.21790043679456664,6.740866131277672,1.131864407455904,5.98634291904971,0.8991719918337101,3.0677527485218703,1.131864407455904,0.0,0.8991719918337101,40.37143133214837,57.1663418578114,40.37143133214529,57.1663418578114,0.09729235898703337,S,P173+55,5952,0.7493267826403694
2973,131458.40+560342.5,198.74335200000002,56.061806000000004,ILTJ131458.44+560342.1,198.7435100067829,0.007198385729547422,0.10055177521687417,56.06171229785509,0.004791674062660166,0.10040818135229922,654.2525540323498,0.5753227160312235,130.85177558803588,1673.0142257087377,9.161529246324763,334.72824439399125,19.359126459481654,0.019871405643970656,6.920944415242741,0.004447291619921823,18.405141738738102,0.019871405643970656,3.4494906768163447,0.004447291619921823,30.87228073684372,0.0597042064385432,30.872280736843635,0.0597042064385432,0.5753227160312235,M,P200+55,6411,0.46329611312478025
2982,132650.71+561020.1,201.711296,56.17225500000001,ILTJ132650.71+561020.2,201.71127410886834,0.040520957243636205,0.10817019329784908,56.17227822509594,0.04278926662828356,0.10904019479412067,5.925359816551265,0.0853570932160128,1.1881419913403888,7.621210682415911,0.1364529884181235,1.5303377106635816,6.915563212883612,0.10099938345406176,6.697675443863582,0.09516619976050955,3.435582152012887,0.10099938345406176,2.976145796595833,0.09516619976050955,168.93340720195883,19.683147238417398,168.93340720196304,19.683147238417398,0.08112188515951857,S,P200+55,2030,0.09442174950675182
2983,133720.96+550534.5,204.337349,55.092932,ILTJ133720.99+550535.0,204.3374476476066,3.6560424439648203,3.657775802424926,55.09307685358431,1.7705051710513313,1.7740817426073008,0.13850439419874985,0.06705692407705323,0.07255322015713836,0.5733377886436666,0.08198440567070008,0.14096131231174852,16.06486020187802,8.677431805403467,9.276545795882862,4.025614526508721,14.902270425021108,8.677431805403467,7.074891902307588,4.025614526508721,81.31964361653202,52.1654877945521,81.31964361653196,52.1654877945521,0.06914229015819728,S,P205+55,9294,0.5596725651387556
2986,135615.00+550152.5,209.06251699999999,55.031268999999995,ILTJ135615.03+550152.4,209.06262359929812,0.2803158972823761,0.2975080994382474,55.031240830991685,0.41317286005218345,0.4250245631088109,0.7220238971982444,0.06850837833535457,0.1598315933323375,1.424311930916991,0.09753805718554494,0.3010984086002949,9.496246546413877,0.9766000556535982,7.47842647327542,0.6546809380144273,7.360603047491936,0.9766000556535982,4.4638616808858655,0.6546809380144273,6.263541793109284,18.26777605703899,6.263541793109085,18.26777605703899,0.06353410572046414,S,P209+55,3967,0.2421951156165963
2989,140333.12+534232.0,210.88802,53.708895999999996,ILTJ140333.08+534232.1,210.8878342223818,0.25852930807614893,0.27707665021879196,53.70893725966289,0.18522960893246307,0.2103427559660842,1.267676163198784,0.09244812944708963,0.2698643563495584,1.7377054599166402,0.1455787066596066,0.37679964231624197,7.761830006466718,0.6157832963916233,6.359798556598173,0.42634303812297186,4.9228701341481775,0.6157832963916233,2.106098795879255,0.42634303812297186,79.1984902845714,17.601436104456887,79.1984902845708,17.601436104456887,0.08767389226704836,S,P209+55,1556,0.42280387885763193
2990,140134.90+533714.3,210.39544500000002,53.62065,ILTJ140134.92+533714.3,210.39549215389772,0.07175569107473206,0.12281264659531949,53.620657938952846,0.0777882540990409,0.12643211395018042,3.600210983463063,0.09722959984198813,0.7265771535792714,4.229020462567906,0.15991696752399337,0.860789172454436,6.699648183977288,0.185962669527683,6.313791442785738,0.16590425721436602,2.97893594301982,0.185962669527683,1.9631562623693601,0.16590425721436602,158.24301242265093,19.713053714150103,158.24301242265506,19.713053714150103,0.0939102319534868,S,P209+55,2137,0.10466373670147873
2991,135954.71+534521.5,209.977983,53.755989,ILTJ135954.76+534521.4,209.978151496369,0.3735242601149666,0.38659337792643017,53.75596672874463,0.5493410426275003,0.5583096345910605,0.7253928413486549,0.1119780895596109,0.18326724615330267,0.9432054515952035,0.17951101259552518,0.2604028890005395,7.6890584820705,1.3136797375192517,6.0891453895917005,0.8492969823705641,4.807167432178095,1.3136797375192517,1.036760273305267,0.8492969823705641,167.1369664549516,30.662873470692414,167.1369664549522,30.662873470692414,0.10729132918640971,S,P209+55,2630,0.3674826661502224
3001,142301.08+533311.8,215.75451600000002,53.553287,ILTJ142301.10+533311.9,215.7545944693392,0.3213614306882806,0.36769874104212497,53.55330645700507,0.20381887828046358,0.2710559539531488,1.2215577239445026,0.11305952550672582,0.2692036166639388,1.4228425227140582,0.18792689907033178,0.3410216315307914,7.336199827578008,0.7621700321844201,5.718301327249164,0.4714901633446224,0.0,0.7621700321844201,0.0,0.4714901633446224,99.81399494061714,18.37384438110094,0.0,18.37384438110094,0.11057632218580693,S,P214+55,1161,0.18185123400814754
3170,120643.53+455539.5,181.681392,45.927663,ILTJ120643.53+455539.9,181.68136458661704,0.25169077852892974,0.27329830360811613,45.92775047519241,0.25799940012281564,0.27911898040496635,1.141365400629528,0.10143137105029179,0.2497937592160983,1.3579821173630573,0.1668362981605328,0.31874592958502906,7.186580994379589,0.6955089443612439,5.962442898418759,0.4865629113696689,3.9527190492655384,0.6955089443612439,0.0,0.4865629113696689,43.41505802427097,21.698874043502176,43.41505802426912,21.698874043502176,0.09830326598603278,S,P19Hetdex17,2576,0.3223053754906903
3426,111719.51+462008.3,169.33130400000002,46.335654999999996,ILTJ111719.53+462008.9,169.331355396918,0.4689003224230558,0.48093535515520003,46.335820027591616,0.2674998296149132,0.2880754455239465,0.5471871275398135,0.07649843687539563,0.1335236344105034,0.4939477577651669,0.14040576092154983,0.1716774685158447,6.7983820570840985,1.1435389959086817,4.781481341404818,0.5555848803668495,0.0,1.1435389959086817,0.0,0.5555848803668495,73.48098577857097,19.369582927276085,0.0,19.369582927276085,0.08046841685427353,S,P7Hetdex11,1479,0.6076792026272826
3458,120537.05+474705.3,181.404387,47.784818,ILTJ120537.04+474705.6,181.40432691946563,0.04916750401778331,0.1173079631138228,47.784888701500904,0.04469266819366978,0.11550389321942674,4.101854255280602,0.07051213812585212,0.8233955883326208,4.683146521781673,0.11703587428512706,0.9439130519537884,6.621131865255122,0.11729882139319525,6.207794702717409,0.10354836643943892,2.7998584162527433,0.11729882139319525,1.5922656286814303,0.10354836643943892,70.30931814799693,11.438851860759986,70.30931814799334,11.438851860759986,0.06849213968962431,S,P19Hetdex17,3130,0.29309320332233213
3467,121732.69+465829.3,184.386244,46.974824,ILTJ121732.69+465829.3,184.38621507787377,0.051425366319632584,0.11350652815962742,46.974825996841,0.05788188239750354,0.11657390764498855,3.4887006923846395,0.07136301432294731,0.7013800543607294,3.794756523420175,0.12036880408245255,0.7684372009981291,6.534352970770635,0.1393026037628245,5.993251931471159,0.11763182637423969,2.5869329131605983,0.1393026037628245,0.0,0.11763182637423969,156.67341209014396,9.365344075642975,156.67341209014714,9.365344075642975,0.07006887608440593,S,P23Hetdex20,5419,0.07140565746082839
3468,121450.61+482033.6,183.710881,48.342674,ILTJ121450.61+482033.4,183.7108713141122,0.42539137398523413,0.4372607742466607,48.34262608267831,0.3319077271758992,0.34698977361417305,0.48761963470866126,0.06685095204537198,0.11823690674027698,0.5607942835225882,0.11093798781029905,0.1577556537074427,6.903816206905935,1.0104099734178322,5.998700161934301,0.7703739073358499,3.41276115427592,1.0104099734178322,0.0,0.7703739073358499,77.27609549646918,41.33687536775237,77.27609549646817,41.33687536775237,0.06502989708678797,S,P23Hetdex20,6463,0.17405235185408477
3470,121644.34+474111.0,184.184765,47.686409000000005,ILTJ121644.36+474111.2,184.1848433977418,0.4216943789905175,0.433664977725827,47.68644329605106,0.31353831118411346,0.3294623441516949,0.46402592015975774,0.0657404976826344,0.11373044983101428,0.4577027346224235,0.11509442393509414,0.14705916548173717,6.555436581999013,1.0222311874035481,5.417277641723421,0.6972926434297769,0.0,1.0222311874035481,0.0,0.6972926434297769,70.24660790402619,32.088400487155106,0.0,32.088400487155106,0.06641895015491173,S,P23Hetdex20,5736,0.22658753470607582
3480,122812.98+484053.2,187.05409699999998,48.681471,ILTJ122813.03+484053.9,187.05430661555064,0.5725872835285962,0.5818470279668941,48.68164502228174,0.20808520468827565,0.23235580282276608,0.4023478432546879,0.05631051329259196,0.09821519936416732,0.3655890207036696,0.10575732226839193,0.12857225398873287,7.3949480572348145,1.3545233722060424,4.424228789376582,0.47310966578753055,0.0,1.3545233722060424,0.0,0.47310966578753055,95.48587959063218,13.229960578354035,0.0,13.229960578354035,0.06066803325666115,S,P26Hetdex03,4139,0.800444156258458
3482,123125.75+475013.7,187.85730800000002,47.837165999999996,ILTJ123125.73+475013.7,187.8571901716924,0.16190088647427073,0.21216732516012474,47.83716075953205,0.14035967714161415,0.19622414681110367,1.2212577238115205,0.0725811003397134,0.2548074434652477,1.205240098156964,0.12642033025731855,0.2721878903819672,6.216566175117054,0.3853678364399292,5.716231620167718,0.32569970454644964,0.0,0.3853678364399292,0.0,0.32569970454644964,104.6122982196049,28.671833369361593,0.0,28.671833369361593,0.07291941437870264,S,P27Hetdex09,4378,0.2853521631500445
3488,124415.01+471425.7,191.062574,47.240488,ILTJ124415.01+471426.0,191.06252286115526,0.18372760113972533,0.22925729703764156,47.24057925173894,0.18896412038354587,0.2334748714889348,1.2734803146032576,0.08576812969771853,0.2687494307698625,1.4801934695760572,0.14162034650240257,0.3281695154009355,6.761541800442366,0.47443438478358596,6.189544040159935,0.4001249630348488,3.117024855781995,0.47443438478358596,1.5167453495512735,0.4001249630348488,140.94954931224606,33.42114489113288,140.94954931225004,33.42114489113288,0.08307473035529256,S,P27Hetdex09,513,0.35148075904063214
3510,130658.87+471645.2,196.74531499999998,47.279247999999995,ILTJ130658.86+471645.0,196.74523044276677,0.28718669570311056,0.3067416508378215,47.279181383124545,0.17212673626415073,0.20308090876985327,1.0618516946192376,0.08609864321742666,0.22915963261122493,1.2291050926654286,0.14357291269870148,0.28467728116840063,7.374345596009896,0.676357678606052,5.651398495958794,0.4051052571747119,0.0,0.676357678606052,0.0,0.4051052571747119,87.81986937614809,13.145259555212066,0.0,13.145259555212066,0.08444426202913746,S,P35Hetdex10,5673,0.31648583171852385
3520,131450.93+455853.6,198.712242,45.981562,ILTJ131451.01+455853.5,198.71254675974674,0.8622546831682744,0.8689633944047712,45.981549133540256,0.772320948515059,0.7798037507508163,0.35806971008092997,0.10415553886238686,0.12639989306487498,0.4251148308715536,0.17098355564724288,0.19095622817507626,6.945609118384037,2.1352686776360716,6.155978721925535,1.6942772722111603,3.4985932050710424,2.1352686776360716,1.3674171874759276,1.6942772722111603,121.05120429673838,104.23016665407738,121.05120429674088,104.23016665407738,0.10060669592348859,S,P35Hetdex10,7020,0.7637938716583798
3523,131716.57+470639.0,199.319048,47.110853000000006,ILTJ131716.56+470639.0,199.31899256942629,0.029325661988473074,0.11168812211199153,47.11085653955434,0.02823567056553826,0.11140689055047971,6.25814154474224,0.06633093830073601,1.2533847043653465,7.103869610021384,0.11024107368942296,1.4250444315092818,6.456685733608362,0.06906590918869358,6.330003806241934,0.06648006068826479,2.3832044244753794,0.06906590918869358,2.016897453087377,0.06648006068826479,87.03481837934197,22.97876904432,87.0348183793395,22.97876904432,0.06446035695262253,S,P35Hetdex10,1197,0.13640666568358525
3535,133053.02+465031.2,202.720921,46.842003000000005,ILTJ133053.10+465031.0,202.72123382255458,0.24658635059801526,0.26482203658762443,46.84195942712013,0.37599643123980336,0.38819994727747964,0.7264551684981764,0.07808579435403547,0.16494506889691873,0.8968321800787997,0.12718080960586214,0.21988014167040704,7.457343210837752,0.8861862507038515,5.960125119489139,0.579483305515611,0.0,0.8861862507038515,0.0,0.579483305515611,177.20116664769577,22.152288556780565,0.0,22.152288556780565,0.07539449143223464,S,P39Hetdex19,2648,0.7861178367685363
3536,133058.73+464658.6,202.744725,46.782968,ILTJ133058.76+464658.5,202.7448263173997,0.025530785011333643,0.09988845651257573,46.78292893517372,0.0258278428716684,0.09996479494588775,10.44414557481046,0.09785521251615137,2.091119966460532,12.65320568714229,0.2190393946151806,2.5401029157966386,6.369686256719494,0.06251294862753262,6.149437274164524,0.05835800882710101,2.137130473753286,0.06251294862753262,1.3470022970880817,0.05835800882710101,50.20552856407668,11.334142314109458,50.20552856406598,11.334142314109458,0.09785521251615137,M,P39Hetdex19,2594,0.286634122858149
3537,133316.70+464512.9,203.31959799999998,46.753603000000005,ILTJ133316.74+464512.6,203.31974992379364,0.7749389555252001,0.7809329468985527,46.753499551759404,0.5394547323607335,0.5480303741833662,0.44672917257685274,0.07865308760430047,0.11903355129936158,0.9053511124855873,0.11126618572315788,0.21252432698525572,9.714838875985938,1.8625837224732131,7.511219497196454,1.2144319175551546,7.639978687031559,1.8625837224732131,4.518350883388185,1.2144319175551546,75.50298351310563,33.3565284794138,75.50298351310524,33.3565284794138,0.073045383032877,S,P39Hetdex19,1593,0.5283054196343928
3912,131901.41+504603.7,199.75590400000002,50.767709,ILTJ131901.42+504603.3,199.7559051347375,0.31993912785125883,0.3342618811007801,50.76760060390372,0.3660223584988194,0.3786057666595244,0.9157323581650455,0.12481602545983507,0.22163409097702189,0.8751878606269335,0.21997185346313383,0.28111522187806975,6.198404853309595,0.8938022681062926,5.551724799765848,0.715269972836557,0.0,0.8938022681062926,0.0,0.715269972836557,153.48817296857285,52.50523985823729,0.0,52.50523985823729,0.12657302431762218,S,P38Hetdex07,4375,0.3902344996465766
3916,132105.45+520350.9,200.272739,52.064157,ILTJ132105.41+520351.2,200.27256120929772,0.2951947803825052,0.32449147548677,52.064227332999835,0.17708301754240005,0.2225155149656481,3.3996013253223363,0.2544189981298024,0.7259618402193796,4.8722300094431095,0.3968999921175838,1.052176132755186,8.278807149920652,0.6961008997936164,6.233513978651606,0.4152136348866609,5.702836599305697,0.6961008997936164,1.6901716714806436,0.4152136348866609,92.17843249011226,10.90363007642599,92.17843249011239,10.90363007642599,0.2417045907350257,S,P41Hetdex,7579,0.4679117359863873
3917,132222.84+512016.9,200.595172,51.338034,ILTJ132222.87+512017.0,200.59530964172788,0.14414266740193815,0.19731160093682115,51.338066395413676,0.15502759951445114,0.2053979452422021,1.1278701567839362,0.0583537111765837,0.23299956916405015,1.4492690712496712,0.09332071196956311,0.30450613937610765,6.94674675128179,0.366036054431906,6.660726065002527,0.3383747247172224,3.499604941362405,0.366036054431906,2.890845162422278,0.3383747247172224,167.6019824644219,49.764752455973316,167.6019824644248,49.764752455973316,0.055474483815487474,S,P41Hetdex,7164,0.3307971051727687
3921,133910.77+514437.1,204.794916,51.743643,ILTJ133910.77+514436.9,204.79486936374485,0.1172187882314681,0.1654674481023896,51.74360286838133,0.1144351454090272,0.16350729210603554,1.3508549943653683,0.06202146768034205,0.27719854091480733,1.3224261188707316,0.10820340928472584,0.28576285863578943,6.013929463792058,0.27965800861600437,5.861416479156051,0.26570533429823806,0.0,0.27965800861600437,0.0,0.26570533429823806,119.74111469510866,72.66796780646919,0.0,72.66796780646919,0.06236501212697476,S,P206+52,6077,0.17798669017023688
3922,134303.25+502832.0,205.763576,50.475577,ILTJ134303.26+502832.0,205.76357776946122,0.006922679046214233,0.160858357277065,50.475563949349166,0.006645162838988137,0.16084665308875926,44.14263049080581,0.10846841446334804,8.829192401508132,51.7960534878159,0.17839034520740896,10.360746565367316,6.569561427000868,0.01630139601226371,6.4308475734926365,0.01564840079313368,2.674386418963932,0.01630139601226371,2.313448734561761,0.01564840079313368,88.54659151936285,3.780144439545664,88.54659151936255,3.780144439545664,0.10472728899912909,S,P206+50,6622,0.04715691977423358
3924,135036.71+505424.4,207.652999,50.906805,ILTJ135036.70+505424.6,207.65292602444384,0.06674011852754833,0.17401646773156326,50.90685199645465,0.06051314571757434,0.17172457140821573,3.9401947683625256,0.09303017316329946,0.7935111880900295,4.392157343976091,0.15557537193307194,0.8921017552509569,6.5114468476233185,0.15780604458641836,6.164038518313211,0.14178539391541556,2.529525427026226,0.15780604458641836,1.4080209873192024,0.14178539391541556,78.76674595891335,18.406963343108448,78.76674595891065,18.406963343108448,0.0907902285689488,S,P206+50,3071,0.23678715062459998
3925,140952.13+490901.9,212.467213,49.150541,ILTJ140952.12+490902.2,212.46714964023457,0.7707357062654376,0.8016034864758782,49.15063266778408,0.5144337801537229,0.5596219570219251,0.46142709353278766,0.07328823419385937,0.1178463566560232,0.8785331825156353,0.10655085640179769,0.20548943308890252,10.618532660084867,2.004268698674193,6.45639953408672,0.8629016551336877,8.760000710020245,2.004268698674193,2.3842356677582544,0.8629016551336877,63.07891680568884,18.285400879787588,63.07891680568849,18.285400879787588,0.07020594784989953,S,P211+50,1144,0.3621609984134005
3935,141556.63+484429.4,213.98596,48.741509,ILTJ141556.59+484429.6,213.9857898580412,0.277761945588734,0.3053642235825433,48.74156885284657,0.2648765728883308,0.2936923722060174,0.8893126532459297,0.08120066514470764,0.19552142549827,1.1493749933415205,0.13004918693504808,0.2641122981521684,7.4367022247208245,0.7321855963877437,6.258147536413319,0.5299260066517856,4.392619331176454,0.7321855963877437,1.7761033700398807,0.5299260066517856,130.7040436365896,23.61067310470573,130.70404363659145,23.61067310470573,0.077523582149297,S,P213+47,2777,0.457801823545152
3936,141954.76+483952.9,214.97818700000002,48.664706,ILTJ141954.78+483953.0,214.97823688166864,0.0153467196464767,0.1277933191948554,48.66472802493122,0.019068288175339124,0.12829345361657554,27.90048919841199,0.1542232494102791,5.5822286509141525,42.02377362577602,0.2896053345608295,8.409742757054158,7.181492131981127,0.04596910143567961,6.199393104818595,0.03477177427076088,3.9462509700251416,0.04596910143567961,1.5524686494983075,0.03477177427076088,71.73066581138676,1.7810897972263748,71.73066581138535,1.7810897972263748,0.1542232494102791,M,P213+47,1551,0.14266515441306957
3943,143420.67+465055.2,218.58612599999998,46.848683,ILTJ143420.73+465055.5,218.58637570235027,0.41484530560553756,0.442550037152712,46.84876805280311,0.5028269139136023,0.5259171162424666,0.6723518656495209,0.07583272095391197,0.15437902324140262,1.5912696299624536,0.10328752373337625,0.33459508957635126,10.50963370842013,1.2805738718273532,8.107934134109314,0.8464731872033321,8.628153283821751,1.2805738718273532,5.453254740420408,0.8464731872033321,31.150925460277442,21.56233601431936,31.15092546027685,21.56233601431936,0.07072021253407001,S,P217+47,1617,0.6868282974545622
8286,111026.20+502403.6,167.609208,50.401021,ILTJ111026.21+502403.8,167.60922406564575,0.4903259579768567,0.5285339260811012,50.40107032745399,0.2924864427285455,0.35281281883284704,0.4063817885346365,0.0612403651303916,0.1017655572549381,0.3932458252568516,0.10852131237957077,0.1340244992673432,6.727296699664521,1.1576492148840098,5.179341439316091,0.6835105235254625,0.0,1.1576492148840098,0.0,0.6835105235254625,96.22552412580357,27.350116518240004,0.0,27.350116518240004,0.06255188054637983,S,P6,734,0.18136511143234232
8398,114306.05+534028.6,175.775225,53.674625,ILTJ114306.13+534029.0,175.775561317891,0.763528139401591,0.768683551442769,53.674738082564794,0.32104053802985527,0.3331159102461359,0.39718654745615256,0.06315721429502913,0.10148457940354176,0.5891266520956994,0.09891765798388492,0.1538424894149738,9.309647309559178,1.8004695187321162,5.7380562435225535,0.750186288189048,0.0,1.8004695187321162,0.0,0.750186288189048,94.51153693359647,18.840436341873065,0.0,18.840436341873065,0.06143017526483163,S,P173+55,941,0.8246909292545012
8399,113939.46+542215.0,174.914426,54.370853000000004,ILTJ113939.43+542215.2,174.91429163010102,0.4892037744107417,0.49721174111069477,54.370897125480134,0.7313973658033035,0.736777638982498,0.34980942792073777,0.06293442439208179,0.09410317320926014,0.5768126716505647,0.09416756308234643,0.14891623237221047,8.831434445709817,1.7618093795014362,6.722359904090117,1.090705749045708,6.480280108019943,1.7618093795014362,3.0302634268122315,1.090705749045708,165.56906041768158,32.321462834987244,165.56906041768204,32.321462834987244,0.058943529438693076,S,P173+55,2402,0.32348129796830466
8401,114602.65+544800.4,176.511048,54.800121,ILTJ114602.57+544800.8,176.51068858113055,0.06173120533106617,0.1350152779158852,54.80023197706757,0.059623531494981126,0.13406471969541603,2.809693511094864,0.05971207665827994,0.5651023244956508,3.5186578428109585,0.09624609046545003,0.710282641292103,6.849596871043148,0.14814358615870082,6.582794133780376,0.13746713621845025,3.303009874575976,0.14814358615870082,2.707621309695052,0.13746713621845025,57.51748836191355,20.901874669163973,57.51748836190609,20.901874669163973,0.056999757362063974,S,P178+55,5587,0.8461099611314188
8404,132149.12+524548.9,200.45468200000002,52.763585,ILTJ132149.03+524549.1,200.45427816680882,0.5892047686396082,0.6044146082666763,52.76364544703692,0.2999569297525657,0.3288296200239438,0.43259319936204255,0.06342510492753685,0.10727636729699871,0.5004128637385453,0.10734953374813419,0.1467666302799866,7.978466001659427,1.4243047445731514,5.220821811985826,0.6286636672282179,0.0,1.4243047445731514,0.0,0.6286636672282179,103.09963272248625,15.629466110683481,0.0,15.629466110683481,0.06347998714772984,S,P41Hetdex,7287,0.9062161989322984
8508,134910.81+503101.6,207.29504599999999,50.517122,ILTJ134910.83+503101.3,207.295136718594,0.4638119985728207,0.4908656207566519,50.51705157257982,0.49786885980507184,0.5231643041954422,0.44591812547044224,0.08046601609119297,0.1201186860172515,0.4865756880718879,0.13547038660811214,0.16680066443709574,6.40348057009638,1.1793862733237965,6.134938119265846,1.0846383653045415,2.236032034508982,1.1793862733237965,1.2796344463431324,1.0846383653045415,164.15755816071902,174.94675905357394,164.1575581607237,174.94675905357394,0.0788691540947184,S,P206+50,3772,0.32772613605916234
8519,135228.16+510744.9,208.11735900000002,51.129160999999996,ILTJ135228.15+510745.0,208.11727593718675,0.08784864508407968,0.18315259229344147,51.129172642477954,0.08049931158596355,0.17974322459139608,1.9990710250746826,0.06182269574184016,0.4045657477351658,2.2698226838433375,0.10278487573483609,0.46545518723440665,6.587193380713456,0.20944283958434334,6.20727903501029,0.1867134447886597,2.716256996897752,0.20944283958434334,1.5877387478005573,0.1867134447886597,111.00435414958966,22.649695931642306,111.00435414959358,22.649695931642306,0.06011122604832053,S,P206+50,2222,0.19228246189048281
